Entity,Code,Year,Indicator:Affordability - percentage of GDP per capita required to purchase 2000 cigarettes of the most sold brand,Number Years,Absolute Increase (From Prior Year),Relative Increase (From Prior Year),Absolute Increase Per Year (Prior Years),Relative_Increase_In_Price_Per_Year
Afghanistan,AFG,2010,4.05,NA,NA,NA,NA,NA
Afghanistan,AFG,2012,4.45,2,0.4,9.88%,0.2,4.94%
Afghanistan,AFG,2014,5.54,2,1.09,24.49%,0.545,12.25%
Afghanistan,AFG,2016,8.5,2,2.96,53.43%,1.48,26.71%
Afghanistan,AFG,2018,8.22,2,-0.28,-3.29%,-0.14,-1.65%
Afghanistan,AFG,2020,7.79,2,-0.43,-5.23%,-0.215,-2.62%
Albania,ALB,2010,3.52,NA,NA,NA,NA,NA
Albania,ALB,2012,3.7,2,0.18,5.11%,0.09,2.56%
Albania,ALB,2014,4.14,2,0.44,11.89%,0.22,5.95%
Albania,ALB,2016,4.49,2,0.35,8.45%,0.175,4.23%
Albania,ALB,2018,4.21,2,-0.28,-6.24%,-0.14,-3.12%
Albania,ALB,2020,4.56,2,0.35,8.31%,0.175,4.16%
Algeria,DZA,2010,2.55,NA,NA,NA,NA,NA
Algeria,DZA,2012,1.97,2,-0.58,-22.75%,-0.29,-11.37%
Algeria,DZA,2014,3.41,2,1.44,73.10%,0.72,36.55%
Algeria,DZA,2016,4.9,2,1.49,43.70%,0.745,21.85%
Algeria,DZA,2018,6.31,2,1.41,28.78%,0.705,14.39%
Algeria,DZA,2020,7.26,2,0.95,15.06%,0.475,7.53%
Andorra,AND,2010,0.78,NA,NA,NA,NA,NA
Andorra,AND,2012,1.03,2,0.25,32.05%,0.125,16.03%
Andorra,AND,2014,1.13,2,0.1,9.71%,0.05,4.85%
Andorra,AND,2016,1.03,2,-0.1,-8.85%,-0.05,-4.42%
Andorra,AND,2018,1.02,2,-0.01,-0.97%,-0.005,-0.49%
Andorra,AND,2020,1,2,-0.02,-1.96%,-0.01,-0.98%
Angola,AGO,2012,3,NA,NA,NA,NA,NA
Angola,AGO,2014,3.62,2,0.62,20.67%,0.31,10.33%
Angola,AGO,2018,4.92,4,1.3,35.91%,0.325,8.98%
Angola,AGO,2020,7.86,2,2.94,59.76%,1.47,29.88%
Antigua and Barbuda,ATG,2010,1.77,NA,NA,NA,NA,NA
Antigua and Barbuda,ATG,2012,1.74,2,-0.03,-1.69%,-0.015,-0.85%
Antigua and Barbuda,ATG,2014,2.12,2,0.38,21.84%,0.19,10.92%
Antigua and Barbuda,ATG,2016,1.9,2,-0.22,-10.38%,-0.11,-5.19%
Antigua and Barbuda,ATG,2018,1.76,2,-0.14,-7.37%,-0.07,-3.68%
Antigua and Barbuda,ATG,2020,3.69,2,1.93,109.66%,0.965,54.83%
Argentina,ARG,2010,1.32,NA,NA,NA,NA,NA
Argentina,ARG,2012,1.27,2,-0.05,-3.79%,-0.025,-1.89%
Argentina,ARG,2014,1.35,2,0.08,6.30%,0.04,3.15%
Argentina,ARG,2016,2.12,2,0.77,57.04%,0.385,28.52%
Argentina,ARG,2018,1.84,2,-0.28,-13.21%,-0.14,-6.60%
Argentina,ARG,2020,2.37,2,0.53,28.80%,0.265,14.40%
Armenia,ARM,2010,4.72,NA,NA,NA,NA,NA
Armenia,ARM,2012,4.18,2,-0.54,-11.44%,-0.27,-5.72%
Armenia,ARM,2014,3.71,2,-0.47,-11.24%,-0.235,-5.62%
Armenia,ARM,2016,3.54,2,-0.17,-4.58%,-0.085,-2.29%
Armenia,ARM,2018,3.36,2,-0.18,-5.08%,-0.09,-2.54%
Armenia,ARM,2020,3.28,2,-0.08,-2.38%,-0.04,-1.19%
Australia,AUS,2010,1.95,NA,NA,NA,NA,NA
Australia,AUS,2012,2.06,2,0.11,5.64%,0.055,2.82%
Australia,AUS,2014,2.5,2,0.44,21.36%,0.22,10.68%
Australia,AUS,2016,3.01,2,0.51,20.40%,0.255,10.20%
Australia,AUS,2018,2.75,2,-0.26,-8.64%,-0.13,-4.32%
Australia,AUS,2020,3.89,2,1.14,41.45%,0.57,20.73%
Austria,AUT,2010,1.13,NA,NA,NA,NA,NA
Austria,AUT,2012,1.19,2,0.06,5.31%,0.03,2.65%
Austria,AUT,2014,1.26,2,0.07,5.88%,0.035,2.94%
Austria,AUT,2016,1.22,2,-0.04,-3.17%,-0.02,-1.59%
Austria,AUT,2018,1.27,2,0.05,4.10%,0.025,2.05%
Austria,AUT,2020,1.34,2,0.07,5.51%,0.035,2.76%
Azerbaijan,AZE,2010,1.48,NA,NA,NA,NA,NA
Azerbaijan,AZE,2012,1.86,2,0.38,25.68%,0.19,12.84%
Azerbaijan,AZE,2014,2.25,2,0.39,20.97%,0.195,10.48%
Azerbaijan,AZE,2016,4.5,2,2.25,100.00%,1.125,50.00%
Azerbaijan,AZE,2018,1.48,2,-3.02,-67.11%,-1.51,-33.56%
Azerbaijan,AZE,2020,2.57,2,1.09,73.65%,0.545,36.82%
Bahamas,BHS,2010,0.92,NA,NA,NA,NA,NA
Bahamas,BHS,2012,1.64,2,0.72,78.26%,0.36,39.13%
Bahamas,BHS,2014,2.27,2,0.63,38.41%,0.315,19.21%
Bahamas,BHS,2016,2.76,2,0.49,21.59%,0.245,10.79%
Bahamas,BHS,2020,3.33,4,0.57,20.65%,0.1425,5.16%
Bahrain,BHR,2010,0.89,NA,NA,NA,NA,NA
Bahrain,BHR,2012,1.05,2,0.16,17.98%,0.08,8.99%
Bahrain,BHR,2014,1.05,2,0,0.00%,0,0.00%
Bahrain,BHR,2016,1.76,2,0.71,67.62%,0.355,33.81%
Bahrain,BHR,2018,2.09,2,0.33,18.75%,0.165,9.38%
Bahrain,BHR,2020,2.67,2,0.58,27.75%,0.29,13.88%
Bangladesh,BGD,2010,3.22,NA,NA,NA,NA,NA
Bangladesh,BGD,2012,4.1,2,0.88,27.33%,0.44,13.66%
Bangladesh,BGD,2014,3.53,2,-0.57,-13.90%,-0.285,-6.95%
Bangladesh,BGD,2016,4.66,2,1.13,32.01%,0.565,16.01%
Bangladesh,BGD,2018,5.86,2,1.2,25.75%,0.6,12.88%
Bangladesh,BGD,2020,5.76,2,-0.1,-1.71%,-0.05,-0.85%
Barbados,BRB,2010,3.39,NA,NA,NA,NA,NA
Barbados,BRB,2012,3.45,2,0.06,1.77%,0.03,0.88%
Barbados,BRB,2014,4.18,2,0.73,21.16%,0.365,10.58%
Barbados,BRB,2016,4.43,2,0.25,5.98%,0.125,2.99%
Barbados,BRB,2018,4.12,2,-0.31,-7.00%,-0.155,-3.50%
Belarus,BLR,2010,0.64,NA,NA,NA,NA,NA
Belarus,BLR,2012,0.53,2,-0.11,-17.19%,-0.055,-8.59%
Belarus,BLR,2014,0.83,2,0.3,56.60%,0.15,28.30%
Belarus,BLR,2016,0.96,2,0.13,15.66%,0.065,7.83%
Belarus,BLR,2018,0.85,2,-0.11,-11.46%,-0.055,-5.73%
Belarus,BLR,2020,0.88,2,0.03,3.53%,0.015,1.76%
Belgium,BEL,2010,1.45,NA,NA,NA,NA,NA
Belgium,BEL,2012,1.51,2,0.06,4.14%,0.03,2.07%
Belgium,BEL,2014,1.61,2,0.1,6.62%,0.05,3.31%
Belgium,BEL,2016,1.66,2,0.05,3.11%,0.025,1.55%
Belgium,BEL,2018,1.64,2,-0.02,-1.20%,-0.01,-0.60%
Belgium,BEL,2020,1.77,2,0.13,7.93%,0.065,3.96%
Belize,BLZ,2010,5.85,NA,NA,NA,NA,NA
Belize,BLZ,2012,5.59,2,-0.26,-4.44%,-0.13,-2.22%
Belize,BLZ,2014,5.4,2,-0.19,-3.40%,-0.095,-1.70%
Belize,BLZ,2016,5.32,2,-0.08,-1.48%,-0.04,-0.74%
Belize,BLZ,2018,4.25,2,-1.07,-20.11%,-0.535,-10.06%
Belize,BLZ,2020,7.36,2,3.11,73.18%,1.555,36.59%
Benin,BEN,2010,9.75,NA,NA,NA,NA,NA
Benin,BEN,2012,8.55,2,-1.2,-12.31%,-0.6,-6.15%
Benin,BEN,2014,7.84,2,-0.71,-8.30%,-0.355,-4.15%
Benin,BEN,2016,7.76,2,-0.08,-1.02%,-0.04,-0.51%
Benin,BEN,2018,7.26,2,-0.5,-6.44%,-0.25,-3.22%
Benin,BEN,2020,6.92,2,-0.34,-4.68%,-0.17,-2.34%
Bhutan,BTN,2020,14.74,NA,NA,NA,NA,NA
Bolivia,BOL,2010,4.32,NA,NA,NA,NA,NA
Bolivia,BOL,2012,4.38,2,0.06,1.39%,0.03,0.69%
Bolivia,BOL,2014,4.71,2,0.33,7.53%,0.165,3.77%
Bolivia,BOL,2016,5.18,2,0.47,9.98%,0.235,4.99%
Bolivia,BOL,2018,4.7,2,-0.48,-9.27%,-0.24,-4.63%
Bolivia,BOL,2020,5.27,2,0.57,12.13%,0.285,6.06%
Bosnia and Herzegovina,BIH,2010,3.36,NA,NA,NA,NA,NA
Bosnia and Herzegovina,BIH,2012,3.85,2,0.49,14.58%,0.245,7.29%
Bosnia and Herzegovina,BIH,2014,4.72,2,0.87,22.60%,0.435,11.30%
Bosnia and Herzegovina,BIH,2016,5.1,2,0.38,8.05%,0.19,4.03%
Bosnia and Herzegovina,BIH,2018,5.46,2,0.36,7.06%,0.18,3.53%
Bosnia and Herzegovina,BIH,2020,6.09,2,0.63,11.54%,0.315,5.77%
Botswana,BWA,2010,4.16,NA,NA,NA,NA,NA
Botswana,BWA,2012,4.75,2,0.59,14.18%,0.295,7.09%
Botswana,BWA,2014,4.06,2,-0.69,-14.53%,-0.345,-7.26%
Botswana,BWA,2016,4.4,2,0.34,8.37%,0.17,4.19%
Botswana,BWA,2018,4.78,2,0.38,8.64%,0.19,4.32%
Botswana,BWA,2020,6.71,2,1.93,40.38%,0.965,20.19%
Brazil,BRA,2010,1.63,NA,NA,NA,NA,NA
Brazil,BRA,2012,1.75,2,0.12,7.36%,0.06,3.68%
Brazil,BRA,2014,2.01,2,0.26,14.86%,0.13,7.43%
Brazil,BRA,2016,2.04,2,0.03,1.49%,0.015,0.75%
Brazil,BRA,2018,1.51,2,-0.53,-25.98%,-0.265,-12.99%
Brazil,BRA,2020,1.57,2,0.06,3.97%,0.03,1.99%
Brunei,BRN,2010,0.46,NA,NA,NA,NA,NA
Brunei,BRN,2012,1.24,2,0.78,169.57%,0.39,84.78%
Bulgaria,BGR,2010,4.16,NA,NA,NA,NA,NA
Bulgaria,BGR,2012,4.08,2,-0.08,-1.92%,-0.04,-0.96%
Bulgaria,BGR,2014,3.78,2,-0.3,-7.35%,-0.15,-3.68%
Bulgaria,BGR,2016,3.44,2,-0.34,-8.99%,-0.17,-4.50%
Bulgaria,BGR,2018,3.06,2,-0.38,-11.05%,-0.19,-5.52%
Bulgaria,BGR,2020,2.97,2,-0.09,-2.94%,-0.045,-1.47%
Burkina Faso,BFA,2010,15.6,NA,NA,NA,NA,NA
Burkina Faso,BFA,2012,12.92,2,-2.68,-17.18%,-1.34,-8.59%
Burkina Faso,BFA,2014,12.77,2,-0.15,-1.16%,-0.075,-0.58%
Burkina Faso,BFA,2016,15.95,2,3.18,24.90%,1.59,12.45%
Burkina Faso,BFA,2018,16.46,2,0.51,3.20%,0.255,1.60%
Burkina Faso,BFA,2020,17,2,0.54,3.28%,0.27,1.64%
Burundi,BDI,2010,28.07,NA,NA,NA,NA,NA
Burundi,BDI,2012,22.17,2,-5.9,-21.02%,-2.95,-10.51%
Burundi,BDI,2014,36.12,2,13.95,62.92%,6.975,31.46%
Burundi,BDI,2016,32.81,2,-3.31,-9.16%,-1.655,-4.58%
Burundi,BDI,2018,31.54,2,-1.27,-3.87%,-0.635,-1.94%
Burundi,BDI,2020,39.62,2,8.08,25.62%,4.04,12.81%
Cambodia,KHM,2010,4.27,NA,NA,NA,NA,NA
Cambodia,KHM,2012,4.43,2,0.16,3.75%,0.08,1.87%
Cambodia,KHM,2014,4.08,2,-0.35,-7.90%,-0.175,-3.95%
Cambodia,KHM,2016,3.88,2,-0.2,-4.90%,-0.1,-2.45%
Cambodia,KHM,2018,3.29,2,-0.59,-15.21%,-0.295,-7.60%
Cambodia,KHM,2020,3.25,2,-0.04,-1.22%,-0.02,-0.61%
Cameroon,CMR,2010,7.89,NA,NA,NA,NA,NA
Cameroon,CMR,2012,7.22,2,-0.67,-8.49%,-0.335,-4.25%
Cameroon,CMR,2014,6.52,2,-0.7,-9.70%,-0.35,-4.85%
Cameroon,CMR,2016,6.12,2,-0.4,-6.13%,-0.2,-3.07%
Cameroon,CMR,2018,6.95,2,0.83,13.56%,0.415,6.78%
Cameroon,CMR,2020,8.17,2,1.22,17.55%,0.61,8.78%
Canada,CAN,2010,1.77,NA,NA,NA,NA,NA
Canada,CAN,2012,1.61,2,-0.16,-9.04%,-0.08,-4.52%
Canada,CAN,2014,1.64,2,0.03,1.86%,0.015,0.93%
Canada,CAN,2016,1.83,2,0.19,11.59%,0.095,5.79%
Canada,CAN,2018,1.96,2,0.13,7.10%,0.065,3.55%
Canada,CAN,2020,2.27,2,0.31,15.82%,0.155,7.91%
Cape Verde,CPV,2010,6.53,NA,NA,NA,NA,NA
Cape Verde,CPV,2012,6.15,2,-0.38,-5.82%,-0.19,-2.91%
Cape Verde,CPV,2014,6.14,2,-0.01,-0.16%,-0.005,-0.08%
Cape Verde,CPV,2016,5.86,2,-0.28,-4.56%,-0.14,-2.28%
Cape Verde,CPV,2018,5.33,2,-0.53,-9.04%,-0.265,-4.52%
Cape Verde,CPV,2020,7.57,2,2.24,42.03%,1.12,21.01%
Central African Republic,CAF,2010,12.8,NA,NA,NA,NA,NA
Central African Republic,CAF,2014,23.86,4,11.06,86.41%,2.765,21.60%
Central African Republic,CAF,2018,20.28,4,-3.58,-15.00%,-0.895,-3.75%
Chad,TCD,2010,11.3,NA,NA,NA,NA,NA
Chad,TCD,2012,10.09,2,-1.21,-10.71%,-0.605,-5.35%
Chad,TCD,2014,13.84,2,3.75,37.17%,1.875,18.58%
Chad,TCD,2016,18.06,2,4.22,30.49%,2.11,15.25%
Chad,TCD,2018,25.26,2,7.2,39.87%,3.6,19.93%
Chad,TCD,2020,13.36,2,-11.9,-47.11%,-5.95,-23.56%
Chile,CHL,2010,1.82,NA,NA,NA,NA,NA
Chile,CHL,2012,2.2,2,0.38,20.88%,0.19,10.44%
Chile,CHL,2014,2.04,2,-0.16,-7.27%,-0.08,-3.64%
Chile,CHL,2016,2.33,2,0.29,14.22%,0.145,7.11%
Chile,CHL,2018,2.65,2,0.32,13.73%,0.16,6.87%
Chile,CHL,2020,3.01,2,0.36,13.58%,0.18,6.79%
China,CHN,2010,2.48,NA,NA,NA,NA,NA
China,CHN,2012,2.66,2,0.18,7.26%,0.09,3.63%
China,CHN,2014,2.46,2,-0.2,-7.52%,-0.1,-3.76%
China,CHN,2016,2.38,2,-0.08,-3.25%,-0.04,-1.63%
China,CHN,2018,2.14,2,-0.24,-10.08%,-0.12,-5.04%
China,CHN,2020,2.1,2,-0.04,-1.87%,-0.02,-0.93%
Colombia,COL,2010,1.57,NA,NA,NA,NA,NA
Colombia,COL,2012,1.59,2,0.02,1.27%,0.01,0.64%
Colombia,COL,2014,1.55,2,-0.04,-2.52%,-0.02,-1.26%
Colombia,COL,2016,1.54,2,-0.01,-0.65%,-0.005,-0.32%
Colombia,COL,2018,2.02,2,0.48,31.17%,0.24,15.58%
Colombia,COL,2020,2.6,2,0.58,28.71%,0.29,14.36%
Comoros,COM,2010,10.2,NA,NA,NA,NA,NA
Comoros,COM,2012,9.31,2,-0.89,-8.73%,-0.445,-4.36%
Comoros,COM,2014,8.97,2,-0.34,-3.65%,-0.17,-1.83%
Comoros,COM,2016,13.43,2,4.46,49.72%,2.23,24.86%
Comoros,COM,2018,6.93,2,-6.5,-48.40%,-3.25,-24.20%
Comoros,COM,2020,6.82,2,-0.11,-1.59%,-0.055,-0.79%
Congo,COG,2010,2.81,NA,NA,NA,NA,NA
Congo,COG,2012,2.13,2,-0.68,-24.20%,-0.34,-12.10%
Congo,COG,2014,2.74,2,0.61,28.64%,0.305,14.32%
Congo,COG,2016,4.58,2,1.84,67.15%,0.92,33.58%
Congo,COG,2018,3.89,2,-0.69,-15.07%,-0.345,-7.53%
Congo,COG,2020,6.02,2,2.13,54.76%,1.065,27.38%
Cook Islands,COK,2010,5.82,NA,NA,NA,NA,NA
Cook Islands,COK,2012,6.33,2,0.51,8.76%,0.255,4.38%
Cook Islands,COK,2014,9.08,2,2.75,43.44%,1.375,21.72%
Cook Islands,COK,2016,9.41,2,0.33,3.63%,0.165,1.82%
Cook Islands,COK,2018,8.26,2,-1.15,-12.22%,-0.575,-6.11%
Costa Rica,CRI,2010,1.86,NA,NA,NA,NA,NA
Costa Rica,CRI,2012,2.6,2,0.74,39.78%,0.37,19.89%
Costa Rica,CRI,2014,2.82,2,0.22,8.46%,0.11,4.23%
Costa Rica,CRI,2016,2.68,2,-0.14,-4.96%,-0.07,-2.48%
Costa Rica,CRI,2018,2.73,2,0.05,1.87%,0.025,0.93%
Costa Rica,CRI,2020,3.26,2,0.53,19.41%,0.265,9.71%
Cote d'Ivoire,CIV,2010,8.57,NA,NA,NA,NA,NA
Cote d'Ivoire,CIV,2012,8.13,2,-0.44,-5.13%,-0.22,-2.57%
Cote d'Ivoire,CIV,2014,6.7,2,-1.43,-17.59%,-0.715,-8.79%
Cote d'Ivoire,CIV,2016,5.99,2,-0.71,-10.60%,-0.355,-5.30%
Cote d'Ivoire,CIV,2018,5.59,2,-0.4,-6.68%,-0.2,-3.34%
Cote d'Ivoire,CIV,2020,5.35,2,-0.24,-4.29%,-0.12,-2.15%
Croatia,HRV,2010,2.42,NA,NA,NA,NA,NA
Croatia,HRV,2012,2.58,2,0.16,6.61%,0.08,3.31%
Croatia,HRV,2014,2.94,2,0.36,13.95%,0.18,6.98%
Croatia,HRV,2016,2.85,2,-0.09,-3.06%,-0.045,-1.53%
Croatia,HRV,2018,2.67,2,-0.18,-6.32%,-0.09,-3.16%
Croatia,HRV,2020,2.75,2,0.08,3.00%,0.04,1.50%
Cuba,CUB,2012,10.77,NA,NA,NA,NA,NA
Cuba,CUB,2014,9.81,2,-0.96,-8.91%,-0.48,-4.46%
Cuba,CUB,2016,8.68,2,-1.13,-11.52%,-0.565,-5.76%
Cuba,CUB,2018,14.17,2,5.49,63.25%,2.745,31.62%
Cyprus,CYP,2010,1.19,NA,NA,NA,NA,NA
Cyprus,CYP,2012,1.66,2,0.47,39.50%,0.235,19.75%
Cyprus,CYP,2014,1.97,2,0.31,18.67%,0.155,9.34%
Cyprus,CYP,2016,1.89,2,-0.08,-4.06%,-0.04,-2.03%
Cyprus,CYP,2018,1.84,2,-0.05,-2.65%,-0.025,-1.32%
Cyprus,CYP,2020,1.96,2,0.12,6.52%,0.06,3.26%
Czechia,CZE,2010,1.65,NA,NA,NA,NA,NA
Czechia,CZE,2012,1.75,2,0.1,6.06%,0.05,3.03%
Czechia,CZE,2014,1.74,2,-0.01,-0.57%,-0.005,-0.29%
Czechia,CZE,2016,1.85,2,0.11,6.32%,0.055,3.16%
Czechia,CZE,2018,1.84,2,-0.01,-0.54%,-0.005,-0.27%
Czechia,CZE,2020,2.07,2,0.23,12.50%,0.115,6.25%
Democratic Republic of Congo,COD,2010,26.83,NA,NA,NA,NA,NA
Democratic Republic of Congo,COD,2012,22.14,2,-4.69,-17.48%,-2.345,-8.74%
Democratic Republic of Congo,COD,2014,19.06,2,-3.08,-13.91%,-1.54,-6.96%
Democratic Republic of Congo,COD,2016,25.31,2,6.25,32.79%,3.125,16.40%
Democratic Republic of Congo,COD,2018,15.53,2,-9.78,-38.64%,-4.89,-19.32%
Democratic Republic of Congo,COD,2020,11.27,2,-4.26,-27.43%,-2.13,-13.72%
Denmark,DNK,2010,1.13,NA,NA,NA,NA,NA
Denmark,DNK,2012,1.18,2,0.05,4.42%,0.025,2.21%
Denmark,DNK,2014,1.25,2,0.07,5.93%,0.035,2.97%
Denmark,DNK,2016,1.19,2,-0.06,-4.80%,-0.03,-2.40%
Denmark,DNK,2018,1.15,2,-0.04,-3.36%,-0.02,-1.68%
Denmark,DNK,2020,1.59,2,0.44,38.26%,0.22,19.13%
Djibouti,DJI,2010,6.14,NA,NA,NA,NA,NA
Djibouti,DJI,2012,5.26,2,-0.88,-14.33%,-0.44,-7.17%
Djibouti,DJI,2014,4.77,2,-0.49,-9.32%,-0.245,-4.66%
Djibouti,DJI,2016,4.29,2,-0.48,-10.06%,-0.24,-5.03%
Dominica,DMA,2010,1.86,NA,NA,NA,NA,NA
Dominica,DMA,2012,2.29,2,0.43,23.12%,0.215,11.56%
Dominica,DMA,2014,2.13,2,-0.16,-6.99%,-0.08,-3.49%
Dominica,DMA,2016,1.96,2,-0.17,-7.98%,-0.085,-3.99%
Dominica,DMA,2018,2.26,2,0.3,15.31%,0.15,7.65%
Dominica,DMA,2020,2.4,2,0.14,6.19%,0.07,3.10%
Dominican Republic,DOM,2010,5.74,NA,NA,NA,NA,NA
Dominican Republic,DOM,2012,5.27,2,-0.47,-8.19%,-0.235,-4.09%
Dominican Republic,DOM,2014,5.07,2,-0.2,-3.80%,-0.1,-1.90%
Dominican Republic,DOM,2016,4.33,2,-0.74,-14.60%,-0.37,-7.30%
Dominican Republic,DOM,2018,4.85,2,0.52,12.01%,0.26,6.00%
Dominican Republic,DOM,2020,7.08,2,2.23,45.98%,1.115,22.99%
Ecuador,ECU,2010,3.67,NA,NA,NA,NA,NA
Ecuador,ECU,2012,4.59,2,0.92,25.07%,0.46,12.53%
Ecuador,ECU,2014,4.88,2,0.29,6.32%,0.145,3.16%
Ecuador,ECU,2016,8.6,2,3.72,76.23%,1.86,38.11%
Ecuador,ECU,2018,8.55,2,-0.05,-0.58%,-0.025,-0.29%
Ecuador,ECU,2020,10.72,2,2.17,25.38%,1.085,12.69%
Egypt,EGY,2010,2.48,NA,NA,NA,NA,NA
Egypt,EGY,2012,2.96,2,0.48,19.35%,0.24,9.68%
Egypt,EGY,2014,3.26,2,0.3,10.14%,0.15,5.07%
Egypt,EGY,2016,3.36,2,0.1,3.07%,0.05,1.53%
Egypt,EGY,2018,3.5,2,0.14,4.17%,0.07,2.08%
Egypt,EGY,2020,2.97,2,-0.53,-15.14%,-0.265,-7.57%
El Salvador,SLV,2010,5.87,NA,NA,NA,NA,NA
El Salvador,SLV,2012,5.69,2,-0.18,-3.07%,-0.09,-1.53%
El Salvador,SLV,2014,5.57,2,-0.12,-2.11%,-0.06,-1.05%
El Salvador,SLV,2016,5.25,2,-0.32,-5.75%,-0.16,-2.87%
El Salvador,SLV,2018,7.1,2,1.85,35.24%,0.925,17.62%
El Salvador,SLV,2020,8.3,2,1.2,16.90%,0.6,8.45%
Equatorial Guinea,GNQ,2010,0.59,NA,NA,NA,NA,NA
Equatorial Guinea,GNQ,2012,0.45,2,-0.14,-23.73%,-0.07,-11.86%
Equatorial Guinea,GNQ,2014,0.53,2,0.08,17.78%,0.04,8.89%
Equatorial Guinea,GNQ,2016,0.92,2,0.39,73.58%,0.195,36.79%
Equatorial Guinea,GNQ,2018,0.87,2,-0.05,-5.43%,-0.025,-2.72%
Equatorial Guinea,GNQ,2020,1.22,2,0.35,40.23%,0.175,20.11%
Eritrea,ERI,2010,38.91,NA,NA,NA,NA,NA
Eritrea,ERI,2012,37.5,2,-1.41,-3.62%,-0.705,-1.81%
Eritrea,ERI,2014,49.62,2,12.12,32.32%,6.06,16.16%
Eritrea,ERI,2016,101.21,2,51.59,103.97%,25.795,51.99%
Eritrea,ERI,2018,114.2,2,12.99,12.83%,6.495,6.42%
Estonia,EST,2010,1.83,NA,NA,NA,NA,NA
Estonia,EST,2012,2.27,2,0.44,24.04%,0.22,12.02%
Estonia,EST,2014,2.28,2,0.01,0.44%,0.005,0.22%
Estonia,EST,2016,2.28,2,0,0.00%,0,0.00%
Estonia,EST,2018,1.78,2,-0.5,-21.93%,-0.25,-10.96%
Estonia,EST,2020,1.99,2,0.21,11.80%,0.105,5.90%
Eswatini,SWZ,2010,8.81,NA,NA,NA,NA,NA
Eswatini,SWZ,2014,7.81,4,-1,-11.35%,-0.25,-2.84%
Eswatini,SWZ,2016,6.92,2,-0.89,-11.40%,-0.445,-5.70%
Eswatini,SWZ,2018,6.8,2,-0.12,-1.73%,-0.06,-0.87%
Eswatini,SWZ,2020,7.2,2,0.4,5.88%,0.2,2.94%
Ethiopia,ETH,2010,15.04,NA,NA,NA,NA,NA
Ethiopia,ETH,2012,9.16,2,-5.88,-39.10%,-2.94,-19.55%
Ethiopia,ETH,2014,12.49,2,3.33,36.35%,1.665,18.18%
Ethiopia,ETH,2016,8.88,2,-3.61,-28.90%,-1.805,-14.45%
Ethiopia,ETH,2018,6.42,2,-2.46,-27.70%,-1.23,-13.85%
Ethiopia,ETH,2020,11.74,2,5.32,82.87%,2.66,41.43%
Fiji,FJI,2012,8.02,NA,NA,NA,NA,NA
Fiji,FJI,2014,7.37,2,-0.65,-8.10%,-0.325,-4.05%
Fiji,FJI,2016,10.19,2,2.82,38.26%,1.41,19.13%
Fiji,FJI,2018,10.93,2,0.74,7.26%,0.37,3.63%
Fiji,FJI,2020,17.19,2,6.26,57.27%,3.13,28.64%
Finland,FIN,2010,1.23,NA,NA,NA,NA,NA
Finland,FIN,2012,1.31,2,0.08,6.50%,0.04,3.25%
Finland,FIN,2014,1.44,2,0.13,9.92%,0.065,4.96%
Finland,FIN,2016,1.54,2,0.1,6.94%,0.05,3.47%
Finland,FIN,2018,1.7,2,0.16,10.39%,0.08,5.19%
Finland,FIN,2020,2.04,2,0.34,20.00%,0.17,10.00%
France,FRA,2010,1.76,NA,NA,NA,NA,NA
France,FRA,2012,1.88,2,0.12,6.82%,0.06,3.41%
France,FRA,2014,2.08,2,0.2,10.64%,0.1,5.32%
France,FRA,2016,2.02,2,-0.06,-2.88%,-0.03,-1.44%
France,FRA,2018,2.19,2,0.17,8.42%,0.085,4.21%
France,FRA,2020,2.91,2,0.72,32.88%,0.36,16.44%
Gabon,GAB,2010,2.26,NA,NA,NA,NA,NA
Gabon,GAB,2012,1.98,2,-0.28,-12.39%,-0.14,-6.19%
Gabon,GAB,2014,2.08,2,0.1,5.05%,0.05,2.53%
Gabon,GAB,2016,2.38,2,0.3,14.42%,0.15,7.21%
Gabon,GAB,2018,2.19,2,-0.19,-7.98%,-0.095,-3.99%
Gabon,GAB,2020,2.38,2,0.19,8.68%,0.095,4.34%
Gambia,GMB,2010,4.15,NA,NA,NA,NA,NA
Gambia,GMB,2012,6.3,2,2.15,51.81%,1.075,25.90%
Gambia,GMB,2014,11.83,2,5.53,87.78%,2.765,43.89%
Gambia,GMB,2016,13.35,2,1.52,12.85%,0.76,6.42%
Gambia,GMB,2018,17.01,2,3.66,27.42%,1.83,13.71%
Gambia,GMB,2020,17.99,2,0.98,5.76%,0.49,2.88%
Georgia,GEO,2010,3.13,NA,NA,NA,NA,NA
Georgia,GEO,2012,2.61,2,-0.52,-16.61%,-0.26,-8.31%
Georgia,GEO,2014,2.63,2,0.02,0.77%,0.01,0.38%
Georgia,GEO,2016,2.6,2,-0.03,-1.14%,-0.015,-0.57%
Georgia,GEO,2018,3.09,2,0.49,18.85%,0.245,9.42%
Georgia,GEO,2020,3.71,2,0.62,20.06%,0.31,10.03%
Germany,DEU,2010,1.55,NA,NA,NA,NA,NA
Germany,DEU,2012,1.54,2,-0.01,-0.65%,-0.005,-0.32%
Germany,DEU,2014,1.51,2,-0.03,-1.95%,-0.015,-0.97%
Germany,DEU,2016,1.58,2,0.07,4.64%,0.035,2.32%
Germany,DEU,2018,1.58,2,0,0.00%,0,0.00%
Germany,DEU,2020,1.76,2,0.18,11.39%,0.09,5.70%
Ghana,GHA,2010,8.01,NA,NA,NA,NA,NA
Ghana,GHA,2012,5.1,2,-2.91,-36.33%,-1.455,-18.16%
Ghana,GHA,2014,4.36,2,-0.74,-14.51%,-0.37,-7.25%
Ghana,GHA,2016,6.57,2,2.21,50.69%,1.105,25.34%
Ghana,GHA,2018,4.91,2,-1.66,-25.27%,-0.83,-12.63%
Ghana,GHA,2020,3.96,2,-0.95,-19.35%,-0.475,-9.67%
Greece,GRC,2010,1.57,NA,NA,NA,NA,NA
Greece,GRC,2012,2.15,2,0.58,36.94%,0.29,18.47%
Greece,GRC,2014,2.45,2,0.3,13.95%,0.15,6.98%
Greece,GRC,2016,2.44,2,-0.01,-0.41%,-0.005,-0.20%
Greece,GRC,2018,2.67,2,0.23,9.43%,0.115,4.71%
Greece,GRC,2020,2.93,2,0.26,9.74%,0.13,4.87%
Grenada,GRD,2010,3.77,NA,NA,NA,NA,NA
Grenada,GRD,2014,3.24,4,-0.53,-14.06%,-0.1325,-3.51%
Grenada,GRD,2016,3.22,2,-0.02,-0.62%,-0.01,-0.31%
Grenada,GRD,2018,3.05,2,-0.17,-5.28%,-0.085,-2.64%
Guatemala,GTM,2010,5.95,NA,NA,NA,NA,NA
Guatemala,GTM,2012,5.47,2,-0.48,-8.07%,-0.24,-4.03%
Guatemala,GTM,2014,6.41,2,0.94,17.18%,0.47,8.59%
Guatemala,GTM,2016,6.28,2,-0.13,-2.03%,-0.065,-1.01%
Guatemala,GTM,2018,6.28,2,0,0.00%,0,0.00%
Guatemala,GTM,2020,6.25,2,-0.03,-0.48%,-0.015,-0.24%
Guinea,GIN,2010,5.54,NA,NA,NA,NA,NA
Guinea,GIN,2012,6.66,2,1.12,20.22%,0.56,10.11%
Guinea,GIN,2016,5.75,4,-0.91,-13.66%,-0.2275,-3.42%
Guinea,GIN,2020,5.01,4,-0.74,-12.87%,-0.185,-3.22%
Guinea-Bissau,GNB,2010,9.42,NA,NA,NA,NA,NA
Guinea-Bissau,GNB,2012,8.54,2,-0.88,-9.34%,-0.44,-4.67%
Guinea-Bissau,GNB,2014,8.53,2,-0.01,-0.12%,-0.005,-0.06%
Guinea-Bissau,GNB,2016,11.28,2,2.75,32.24%,1.375,16.12%
Guinea-Bissau,GNB,2018,10.39,2,-0.89,-7.89%,-0.445,-3.95%
Guyana,GUY,2010,3.84,NA,NA,NA,NA,NA
Guyana,GUY,2012,2.74,2,-1.1,-28.65%,-0.55,-14.32%
Guyana,GUY,2014,2.69,2,-0.05,-1.82%,-0.025,-0.91%
Guyana,GUY,2016,2.92,2,0.23,8.55%,0.115,4.28%
Guyana,GUY,2018,2.99,2,0.07,2.40%,0.035,1.20%
Guyana,GUY,2020,2.1,2,-0.89,-29.77%,-0.445,-14.88%
Haiti,HTI,2016,18.92,NA,NA,NA,NA,NA
Honduras,HND,2010,7.5,NA,NA,NA,NA,NA
Honduras,HND,2012,7.97,2,0.47,6.27%,0.235,3.13%
Honduras,HND,2014,7.78,2,-0.19,-2.38%,-0.095,-1.19%
Honduras,HND,2016,8.23,2,0.45,5.78%,0.225,2.89%
Honduras,HND,2018,8.38,2,0.15,1.82%,0.075,0.91%
Honduras,HND,2020,9.13,2,0.75,8.95%,0.375,4.47%
Hungary,HUN,2010,2.24,NA,NA,NA,NA,NA
Hungary,HUN,2012,2.61,2,0.37,16.52%,0.185,8.26%
Hungary,HUN,2014,3.02,2,0.41,15.71%,0.205,7.85%
Hungary,HUN,2016,3.15,2,0.13,4.30%,0.065,2.15%
Hungary,HUN,2018,2.85,2,-0.3,-9.52%,-0.15,-4.76%
Hungary,HUN,2020,3.2,2,0.35,12.28%,0.175,6.14%
Iceland,ISL,2010,1.71,NA,NA,NA,NA,NA
Iceland,ISL,2012,1.73,2,0.02,1.17%,0.01,0.58%
Iceland,ISL,2014,1.91,2,0.18,10.40%,0.09,5.20%
Iceland,ISL,2016,1.7,2,-0.21,-10.99%,-0.105,-5.50%
Iceland,ISL,2018,1.7,2,0,0.00%,0,0.00%
Iceland,ISL,2020,1.86,2,0.16,9.41%,0.08,4.71%
India,IND,2010,11.1,NA,NA,NA,NA,NA
India,IND,2012,12.47,2,1.37,12.34%,0.685,6.17%
India,IND,2014,14.34,2,1.87,15.00%,0.935,7.50%
India,IND,2016,13.6,2,-0.74,-5.16%,-0.37,-2.58%
India,IND,2018,13.55,2,-0.05,-0.37%,-0.025,-0.18%
India,IND,2020,13.78,2,0.23,1.70%,0.115,0.85%
Indonesia,IDN,2010,4.54,NA,NA,NA,NA,NA
Indonesia,IDN,2012,4.75,2,0.21,4.63%,0.105,2.31%
Indonesia,IDN,2014,4.37,2,-0.38,-8.00%,-0.19,-4.00%
Indonesia,IDN,2016,4.52,2,0.15,3.43%,0.075,1.72%
Indonesia,IDN,2018,5.25,2,0.73,16.15%,0.365,8.08%
Indonesia,IDN,2020,5.19,2,-0.06,-1.14%,-0.03,-0.57%
Iran,IRN,2010,0.7,NA,NA,NA,NA,NA
Iran,IRN,2012,1.25,2,0.55,78.57%,0.275,39.29%
Iran,IRN,2014,1.05,2,-0.2,-16.00%,-0.1,-8.00%
Iran,IRN,2016,1.14,2,0.09,8.57%,0.045,4.29%
Iran,IRN,2018,2.03,2,0.89,78.07%,0.445,39.04%
Iran,IRN,2020,5.02,2,2.99,147.29%,1.495,73.65%
Iraq,IRQ,2010,0.96,NA,NA,NA,NA,NA
Iraq,IRQ,2012,0.64,2,-0.32,-33.33%,-0.16,-16.67%
Iraq,IRQ,2014,0.64,2,0,0.00%,0,0.00%
Iraq,IRQ,2016,0.87,2,0.23,35.94%,0.115,17.97%
Iraq,IRQ,2018,0.71,2,-0.16,-18.39%,-0.08,-9.20%
Iraq,IRQ,2020,0.95,2,0.24,33.80%,0.12,16.90%
Ireland,IRL,2010,2.33,NA,NA,NA,NA,NA
Ireland,IRL,2012,2.39,2,0.06,2.58%,0.03,1.29%
Ireland,IRL,2014,2.3,2,-0.09,-3.77%,-0.045,-1.88%
Ireland,IRL,2016,1.91,2,-0.39,-16.96%,-0.195,-8.48%
Ireland,IRL,2018,1.82,2,-0.09,-4.71%,-0.045,-2.36%
Ireland,IRL,2020,1.94,2,0.12,6.59%,0.06,3.30%
Israel,ISR,2010,1.83,NA,NA,NA,NA,NA
Israel,ISR,2012,1.83,2,0,0.00%,0,0.00%
Israel,ISR,2014,2.22,2,0.39,21.31%,0.195,10.66%
Israel,ISR,2016,2.49,2,0.27,12.16%,0.135,6.08%
Israel,ISR,2018,2.4,2,-0.09,-3.61%,-0.045,-1.81%
Israel,ISR,2020,2.36,2,-0.04,-1.67%,-0.02,-0.83%
Italy,ITA,2010,1.37,NA,NA,NA,NA,NA
Italy,ITA,2012,1.85,2,0.48,35.04%,0.24,17.52%
Italy,ITA,2014,1.87,2,0.02,1.08%,0.01,0.54%
Italy,ITA,2016,1.86,2,-0.01,-0.53%,-0.005,-0.27%
Italy,ITA,2018,1.88,2,0.02,1.08%,0.01,0.54%
Italy,ITA,2020,2.2,2,0.32,17.02%,0.16,8.51%
Jamaica,JAM,2010,13.54,NA,NA,NA,NA,NA
Jamaica,JAM,2012,13.6,2,0.06,0.44%,0.03,0.22%
Jamaica,JAM,2014,14.12,2,0.52,3.82%,0.26,1.91%
Jamaica,JAM,2016,15.34,2,1.22,8.64%,0.61,4.32%
Jamaica,JAM,2018,16.47,2,1.13,7.37%,0.565,3.68%
Jamaica,JAM,2020,16.46,2,-0.01,-0.06%,-0.005,-0.03%
Japan,JPN,2010,0.77,NA,NA,NA,NA,NA
Japan,JPN,2012,1.06,2,0.29,37.66%,0.145,18.83%
Japan,JPN,2014,1.06,2,0,0.00%,0,0.00%
Japan,JPN,2016,1.04,2,-0.02,-1.89%,-0.01,-0.94%
Japan,JPN,2018,1.02,2,-0.02,-1.92%,-0.01,-0.96%
Japan,JPN,2020,1.22,2,0.2,19.61%,0.1,9.80%
Jordan,JOR,2010,3.54,NA,NA,NA,NA,NA
Jordan,JOR,2012,3.91,2,0.37,10.45%,0.185,5.23%
Jordan,JOR,2014,4.04,2,0.13,3.32%,0.065,1.66%
Jordan,JOR,2016,4.34,2,0.3,7.43%,0.15,3.71%
Jordan,JOR,2018,6.5,2,2.16,49.77%,1.08,24.88%
Jordan,JOR,2020,7.6,2,1.1,16.92%,0.55,8.46%
Kazakhstan,KAZ,2010,0.75,NA,NA,NA,NA,NA
Kazakhstan,KAZ,2012,0.71,2,-0.04,-5.33%,-0.02,-2.67%
Kazakhstan,KAZ,2014,0.92,2,0.21,29.58%,0.105,14.79%
Kazakhstan,KAZ,2016,1.11,2,0.19,20.65%,0.095,10.33%
Kazakhstan,KAZ,2018,1.07,2,-0.04,-3.60%,-0.02,-1.80%
Kazakhstan,KAZ,2020,1.22,2,0.15,14.02%,0.075,7.01%
Kenya,KEN,2010,12.18,NA,NA,NA,NA,NA
Kenya,KEN,2012,8.53,2,-3.65,-29.97%,-1.825,-14.98%
Kenya,KEN,2014,7.85,2,-0.68,-7.97%,-0.34,-3.99%
Kenya,KEN,2016,8.2,2,0.35,4.46%,0.175,2.23%
Kenya,KEN,2018,6.8,2,-1.4,-17.07%,-0.7,-8.54%
Kenya,KEN,2020,11.43,2,4.63,68.09%,2.315,34.04%
Kiribati,KIR,2010,38.75,NA,NA,NA,NA,NA
Kiribati,KIR,2012,27.65,2,-11.1,-28.65%,-5.55,-14.32%
Kiribati,KIR,2014,26.17,2,-1.48,-5.35%,-0.74,-2.68%
Kiribati,KIR,2016,27.92,2,1.75,6.69%,0.875,3.34%
Kiribati,KIR,2018,26.12,2,-1.8,-6.45%,-0.9,-3.22%
Kiribati,KIR,2020,25.21,2,-0.91,-3.48%,-0.455,-1.74%
Kuwait,KWT,2010,0.51,NA,NA,NA,NA,NA
Kuwait,KWT,2012,0.51,2,0,0.00%,0,0.00%
Kuwait,KWT,2014,0.65,2,0.14,27.45%,0.07,13.73%
Kuwait,KWT,2016,0.98,2,0.33,50.77%,0.165,25.38%
Kuwait,KWT,2018,0.92,2,-0.06,-6.12%,-0.03,-3.06%
Kuwait,KWT,2020,1.27,2,0.35,38.04%,0.175,19.02%
Kyrgyzstan,KGZ,2010,5.66,NA,NA,NA,NA,NA
Kyrgyzstan,KGZ,2012,4.29,2,-1.37,-24.20%,-0.685,-12.10%
Kyrgyzstan,KGZ,2014,5.05,2,0.76,17.72%,0.38,8.86%
Kyrgyzstan,KGZ,2016,6.95,2,1.9,37.62%,0.95,18.81%
Kyrgyzstan,KGZ,2018,7.25,2,0.3,4.32%,0.15,2.16%
Kyrgyzstan,KGZ,2020,9.64,2,2.39,32.97%,1.195,16.48%
Laos,LAO,2010,5.04,NA,NA,NA,NA,NA
Laos,LAO,2012,4.74,2,-0.3,-5.95%,-0.15,-2.98%
Laos,LAO,2014,4.97,2,0.23,4.85%,0.115,2.43%
Laos,LAO,2016,3.71,2,-1.26,-25.35%,-0.63,-12.68%
Laos,LAO,2018,3.24,2,-0.47,-12.67%,-0.235,-6.33%
Laos,LAO,2020,2.88,2,-0.36,-11.11%,-0.18,-5.56%
Latvia,LVA,2010,2.53,NA,NA,NA,NA,NA
Latvia,LVA,2012,2.37,2,-0.16,-6.32%,-0.08,-3.16%
Latvia,LVA,2014,2.54,2,0.17,7.17%,0.085,3.59%
Latvia,LVA,2016,2.36,2,-0.18,-7.09%,-0.09,-3.54%
Latvia,LVA,2018,2.33,2,-0.03,-1.27%,-0.015,-0.64%
Latvia,LVA,2020,2.45,2,0.12,5.15%,0.06,2.58%
Lebanon,LBN,2010,1.92,NA,NA,NA,NA,NA
Lebanon,LBN,2012,2.29,2,0.37,19.27%,0.185,9.64%
Lebanon,LBN,2014,2.8,2,0.51,22.27%,0.255,11.14%
Lebanon,LBN,2016,2.83,2,0.03,1.07%,0.015,0.54%
Lebanon,LBN,2018,0.83,2,-2,-70.67%,-1,-35.34%
Lebanon,LBN,2020,1.82,2,0.99,119.28%,0.495,59.64%
Lesotho,LSO,2010,31.35,NA,NA,NA,NA,NA
Lesotho,LSO,2012,29.22,2,-2.13,-6.79%,-1.065,-3.40%
Lesotho,LSO,2014,24.82,2,-4.4,-15.06%,-2.2,-7.53%
Lesotho,LSO,2018,24.53,4,-0.29,-1.17%,-0.0725,-0.29%
Lesotho,LSO,2020,27.07,2,2.54,10.35%,1.27,5.18%
Liberia,LBR,2010,12.53,NA,NA,NA,NA,NA
Liberia,LBR,2012,12.5,2,-0.03,-0.24%,-0.015,-0.12%
Liberia,LBR,2014,9.14,2,-3.36,-26.88%,-1.68,-13.44%
Liberia,LBR,2016,8.31,2,-0.83,-9.08%,-0.415,-4.54%
Liberia,LBR,2018,10.83,2,2.52,30.32%,1.26,15.16%
Liberia,LBR,2020,21.48,2,10.65,98.34%,5.325,49.17%
Libya,LBY,2010,0.69,NA,NA,NA,NA,NA
Libya,LBY,2012,0.94,2,0.25,36.23%,0.125,18.12%
Libya,LBY,2014,6.08,2,5.14,546.81%,2.57,273.40%
Libya,LBY,2016,4.95,2,-1.13,-18.59%,-0.565,-9.29%
Libya,LBY,2018,2.84,2,-2.11,-42.63%,-1.055,-21.31%
Libya,LBY,2020,7.7,2,4.86,171.13%,2.43,85.56%
Lithuania,LTU,2010,2.44,NA,NA,NA,NA,NA
Lithuania,LTU,2012,2.21,2,-0.23,-9.43%,-0.115,-4.71%
Lithuania,LTU,2014,2.18,2,-0.03,-1.36%,-0.015,-0.68%
Lithuania,LTU,2016,2.29,2,0.11,5.05%,0.055,2.52%
Lithuania,LTU,2018,2.32,2,0.03,1.31%,0.015,0.66%
Lithuania,LTU,2020,2.39,2,0.07,3.02%,0.035,1.51%
Luxembourg,LUX,2010,0.46,NA,NA,NA,NA,NA
Luxembourg,LUX,2012,0.55,2,0.09,19.57%,0.045,9.78%
Luxembourg,LUX,2014,0.55,2,0,0.00%,0,0.00%
Luxembourg,LUX,2016,0.55,2,0,0.00%,0,0.00%
Luxembourg,LUX,2018,0.53,2,-0.02,-3.64%,-0.01,-1.82%
Luxembourg,LUX,2020,0.56,2,0.03,5.66%,0.015,2.83%
Madagascar,MDG,2010,20.28,NA,NA,NA,NA,NA
Madagascar,MDG,2012,17.59,2,-2.69,-13.26%,-1.345,-6.63%
Madagascar,MDG,2014,23.4,2,5.81,33.03%,2.905,16.52%
Madagascar,MDG,2016,26.44,2,3.04,12.99%,1.52,6.50%
Madagascar,MDG,2018,22.7,2,-3.74,-14.15%,-1.87,-7.07%
Madagascar,MDG,2020,21.37,2,-1.33,-5.86%,-0.665,-2.93%
Malawi,MWI,2012,55.38,NA,NA,NA,NA,NA
Malawi,MWI,2014,54.8,2,-0.58,-1.05%,-0.29,-0.52%
Malawi,MWI,2020,17.67,6,-37.13,-67.76%,-6.188333333,-11.29%
Malaysia,MYS,2010,3.43,NA,NA,NA,NA,NA
Malaysia,MYS,2012,3,2,-0.43,-12.54%,-0.215,-6.27%
Malaysia,MYS,2014,3.28,2,0.28,9.33%,0.14,4.67%
Malaysia,MYS,2016,4.3,2,1.02,31.10%,0.51,15.55%
Malaysia,MYS,2018,3.8,2,-0.5,-11.63%,-0.25,-5.81%
Malaysia,MYS,2020,4.08,2,0.28,7.37%,0.14,3.68%
Maldives,MDV,2010,1.84,NA,NA,NA,NA,NA
Maldives,MDV,2012,2.76,2,0.92,50.00%,0.46,25.00%
Maldives,MDV,2014,2.29,2,-0.47,-17.03%,-0.235,-8.51%
Maldives,MDV,2016,2.47,2,0.18,7.86%,0.09,3.93%
Maldives,MDV,2018,3.03,2,0.56,22.67%,0.28,11.34%
Maldives,MDV,2020,5.21,2,2.18,71.95%,1.09,35.97%
Mali,MLI,2010,19.33,NA,NA,NA,NA,NA
Mali,MLI,2012,17.13,2,-2.2,-11.38%,-1.1,-5.69%
Mali,MLI,2014,16.26,2,-0.87,-5.08%,-0.435,-2.54%
Mali,MLI,2016,16.8,2,0.54,3.32%,0.27,1.66%
Mali,MLI,2018,15.74,2,-1.06,-6.31%,-0.53,-3.15%
Mali,MLI,2020,15.5,2,-0.24,-1.52%,-0.12,-0.76%
Malta,MLT,2010,2.43,NA,NA,NA,NA,NA
Malta,MLT,2012,2.38,2,-0.05,-2.06%,-0.025,-1.03%
Malta,MLT,2014,2.36,2,-0.02,-0.84%,-0.01,-0.42%
Malta,MLT,2016,2.27,2,-0.09,-3.81%,-0.045,-1.91%
Malta,MLT,2018,2.09,2,-0.18,-7.93%,-0.09,-3.96%
Malta,MLT,2020,2.21,2,0.12,5.74%,0.06,2.87%
Marshall Islands,MHL,2010,8.97,NA,NA,NA,NA,NA
Marshall Islands,MHL,2012,10.21,2,1.24,13.82%,0.62,6.91%
Marshall Islands,MHL,2014,6.23,2,-3.98,-38.98%,-1.99,-19.49%
Marshall Islands,MHL,2016,6.75,2,0.52,8.35%,0.26,4.17%
Marshall Islands,MHL,2018,6.16,2,-0.59,-8.74%,-0.295,-4.37%
Marshall Islands,MHL,2020,6.14,2,-0.02,-0.32%,-0.01,-0.16%
Mauritania,MRT,2010,8.46,NA,NA,NA,NA,NA
Mauritania,MRT,2012,6.92,2,-1.54,-18.20%,-0.77,-9.10%
Mauritania,MRT,2014,9.07,2,2.15,31.07%,1.075,15.53%
Mauritania,MRT,2016,5.05,2,-4.02,-44.32%,-2.01,-22.16%
Mauritania,MRT,2018,6.31,2,1.26,24.95%,0.63,12.48%
Mauritania,MRT,2020,5.82,2,-0.49,-7.77%,-0.245,-3.88%
Mauritius,MUS,2010,3.05,NA,NA,NA,NA,NA
Mauritius,MUS,2012,3.76,2,0.71,23.28%,0.355,11.64%
Mauritius,MUS,2014,4.02,2,0.26,6.91%,0.13,3.46%
Mauritius,MUS,2016,3.78,2,-0.24,-5.97%,-0.12,-2.99%
Mauritius,MUS,2018,3.81,2,0.03,0.79%,0.015,0.40%
Mauritius,MUS,2020,4.28,2,0.47,12.34%,0.235,6.17%
Mexico,MEX,2010,2.56,NA,NA,NA,NA,NA
Mexico,MEX,2012,2.97,2,0.41,16.02%,0.205,8.01%
Mexico,MEX,2014,3.1,2,0.13,4.38%,0.065,2.19%
Mexico,MEX,2016,2.9,2,-0.2,-6.45%,-0.1,-3.23%
Mexico,MEX,2018,2.68,2,-0.22,-7.59%,-0.11,-3.79%
Mexico,MEX,2020,3.75,2,1.07,39.93%,0.535,19.96%
Micronesia (country),FSM,2010,5.2,NA,NA,NA,NA,NA
Micronesia (country),FSM,2012,6.25,2,1.05,20.19%,0.525,10.10%
Micronesia (country),FSM,2014,6.78,2,0.53,8.48%,0.265,4.24%
Micronesia (country),FSM,2016,7.69,2,0.91,13.42%,0.455,6.71%
Micronesia (country),FSM,2018,8.91,2,1.22,15.86%,0.61,7.93%
Micronesia (country),FSM,2020,9.73,2,0.82,9.20%,0.41,4.60%
Moldova,MDA,2010,3,NA,NA,NA,NA,NA
Moldova,MDA,2012,3.54,2,0.54,18.00%,0.27,9.00%
Moldova,MDA,2014,3.22,2,-0.32,-9.04%,-0.16,-4.52%
Moldova,MDA,2016,3.51,2,0.29,9.01%,0.145,4.50%
Moldova,MDA,2018,4.02,2,0.51,14.53%,0.255,7.26%
Moldova,MDA,2020,4.24,2,0.22,5.47%,0.11,2.74%
Monaco,MCO,2010,0.49,NA,NA,NA,NA,NA
Mongolia,MNG,2010,2.26,NA,NA,NA,NA,NA
Mongolia,MNG,2012,1.37,2,-0.89,-39.38%,-0.445,-19.69%
Mongolia,MNG,2014,2.16,2,0.79,57.66%,0.395,28.83%
Mongolia,MNG,2016,2.22,2,0.06,2.78%,0.03,1.39%
Mongolia,MNG,2018,2,2,-0.22,-9.91%,-0.11,-4.95%
Mongolia,MNG,2020,2.01,2,0.01,0.50%,0.005,0.25%
Montenegro,MNE,2010,1.29,NA,NA,NA,NA,NA
Montenegro,MNE,2012,1.95,2,0.66,51.16%,0.33,25.58%
Montenegro,MNE,2014,2.34,2,0.39,20.00%,0.195,10.00%
Montenegro,MNE,2016,2.68,2,0.34,14.53%,0.17,7.26%
Montenegro,MNE,2018,3.34,2,0.66,24.63%,0.33,12.31%
Montenegro,MNE,2020,3.31,2,-0.03,-0.90%,-0.015,-0.45%
Morocco,MAR,2010,7.18,NA,NA,NA,NA,NA
Morocco,MAR,2012,6.81,2,-0.37,-5.15%,-0.185,-2.58%
Morocco,MAR,2014,7.12,2,0.31,4.55%,0.155,2.28%
Morocco,MAR,2016,6.98,2,-0.14,-1.97%,-0.07,-0.98%
Morocco,MAR,2018,6.52,2,-0.46,-6.59%,-0.23,-3.30%
Morocco,MAR,2020,7.08,2,0.56,8.59%,0.28,4.29%
Mozambique,MOZ,2010,12.92,NA,NA,NA,NA,NA
Mozambique,MOZ,2012,13.87,2,0.95,7.35%,0.475,3.68%
Mozambique,MOZ,2014,14.7,2,0.83,5.98%,0.415,2.99%
Mozambique,MOZ,2016,13.37,2,-1.33,-9.05%,-0.665,-4.52%
Mozambique,MOZ,2018,16.94,2,3.57,26.70%,1.785,13.35%
Mozambique,MOZ,2020,19.22,2,2.28,13.46%,1.14,6.73%
Myanmar,MMR,2010,8.56,NA,NA,NA,NA,NA
Myanmar,MMR,2012,6.65,2,-1.91,-22.31%,-0.955,-11.16%
Myanmar,MMR,2014,5.35,2,-1.3,-19.55%,-0.65,-9.77%
Myanmar,MMR,2016,5.91,2,0.56,10.47%,0.28,5.23%
Myanmar,MMR,2018,4.52,2,-1.39,-23.52%,-0.695,-11.76%
Myanmar,MMR,2020,5.84,2,1.32,29.20%,0.66,14.60%
Namibia,NAM,2010,6.8,NA,NA,NA,NA,NA
Namibia,NAM,2012,5.95,2,-0.85,-12.50%,-0.425,-6.25%
Namibia,NAM,2014,6.63,2,0.68,11.43%,0.34,5.71%
Namibia,NAM,2016,6.47,2,-0.16,-2.41%,-0.08,-1.21%
Namibia,NAM,2018,6.73,2,0.26,4.02%,0.13,2.01%
Namibia,NAM,2020,8.66,2,1.93,28.68%,0.965,14.34%
Nauru,NRU,2010,9.2,NA,NA,NA,NA,NA
Nauru,NRU,2016,10.44,6,1.24,13.48%,0.206666667,2.25%
Nauru,NRU,2018,10.73,2,0.29,2.78%,0.145,1.39%
Nauru,NRU,2020,13.63,2,2.9,27.03%,1.45,13.51%
Nepal,NPL,2010,19.25,NA,NA,NA,NA,NA
Nepal,NPL,2012,16.79,2,-2.46,-12.78%,-1.23,-6.39%
Nepal,NPL,2014,18.08,2,1.29,7.68%,0.645,3.84%
Nepal,NPL,2016,21.78,2,3.7,20.46%,1.85,10.23%
Nepal,NPL,2018,20.02,2,-1.76,-8.08%,-0.88,-4.04%
Nepal,NPL,2020,21.9,2,1.88,9.39%,0.94,4.70%
Netherlands,NLD,2010,1.31,NA,NA,NA,NA,NA
Netherlands,NLD,2012,1.46,2,0.15,11.45%,0.075,5.73%
Netherlands,NLD,2014,1.58,2,0.12,8.22%,0.06,4.11%
Netherlands,NLD,2016,1.59,2,0.01,0.63%,0.005,0.32%
Netherlands,NLD,2018,1.55,2,-0.04,-2.52%,-0.02,-1.26%
Netherlands,NLD,2020,1.78,2,0.23,14.84%,0.115,7.42%
New Zealand,NZL,2010,2.16,NA,NA,NA,NA,NA
New Zealand,NZL,2012,2.96,2,0.8,37.04%,0.4,18.52%
New Zealand,NZL,2014,3.19,2,0.23,7.77%,0.115,3.89%
New Zealand,NZL,2016,3.8,2,0.61,19.12%,0.305,9.56%
New Zealand,NZL,2018,3.89,2,0.09,2.37%,0.045,1.18%
New Zealand,NZL,2020,4.98,2,1.09,28.02%,0.545,14.01%
Nicaragua,NIC,2010,8.69,NA,NA,NA,NA,NA
Nicaragua,NIC,2012,6.85,2,-1.84,-21.17%,-0.92,-10.59%
Nicaragua,NIC,2014,7.84,2,0.99,14.45%,0.495,7.23%
Nicaragua,NIC,2016,8.32,2,0.48,6.12%,0.24,3.06%
Nicaragua,NIC,2018,7.05,2,-1.27,-15.26%,-0.635,-7.63%
Nicaragua,NIC,2020,19.46,2,12.41,176.03%,6.205,88.01%
Niger,NER,2010,16.95,NA,NA,NA,NA,NA
Niger,NER,2012,14.79,2,-2.16,-12.74%,-1.08,-6.37%
Niger,NER,2014,17.94,2,3.15,21.30%,1.575,10.65%
Niger,NER,2016,16.94,2,-1,-5.57%,-0.5,-2.79%
Niger,NER,2018,15.73,2,-1.21,-7.14%,-0.605,-3.57%
Niger,NER,2020,15.55,2,-0.18,-1.14%,-0.09,-0.57%
Nigeria,NGA,2010,5.71,NA,NA,NA,NA,NA
Nigeria,NGA,2012,4.61,2,-1.1,-19.26%,-0.55,-9.63%
Nigeria,NGA,2014,4.31,2,-0.3,-6.51%,-0.15,-3.25%
Nigeria,NGA,2016,3.99,2,-0.32,-7.42%,-0.16,-3.71%
Nigeria,NGA,2018,3.34,2,-0.65,-16.29%,-0.325,-8.15%
Nigeria,NGA,2020,5.31,2,1.97,58.98%,0.985,29.49%
North Macedonia,MKD,2010,2.48,NA,NA,NA,NA,NA
North Macedonia,MKD,2012,2.42,2,-0.06,-2.42%,-0.03,-1.21%
North Macedonia,MKD,2014,2.35,2,-0.07,-2.89%,-0.035,-1.45%
North Macedonia,MKD,2016,2.31,2,-0.04,-1.70%,-0.02,-0.85%
North Macedonia,MKD,2018,2.49,2,0.18,7.79%,0.09,3.90%
North Macedonia,MKD,2020,2.93,2,0.44,17.67%,0.22,8.84%
Norway,NOR,2010,1.53,NA,NA,NA,NA,NA
Norway,NOR,2012,1.49,2,-0.04,-2.61%,-0.02,-1.31%
Norway,NOR,2014,1.61,2,0.12,8.05%,0.06,4.03%
Norway,NOR,2016,1.84,2,0.23,14.29%,0.115,7.14%
Norway,NOR,2018,1.78,2,-0.06,-3.26%,-0.03,-1.63%
Norway,NOR,2020,2.02,2,0.24,13.48%,0.12,6.74%
Oman,OMN,2010,0.85,NA,NA,NA,NA,NA
Oman,OMN,2012,1.01,2,0.16,18.82%,0.08,9.41%
Oman,OMN,2014,1.07,2,0.06,5.94%,0.03,2.97%
Oman,OMN,2016,1.59,2,0.52,48.60%,0.26,24.30%
Oman,OMN,2018,1.63,2,0.04,2.52%,0.02,1.26%
Oman,OMN,2020,3.97,2,2.34,143.56%,1.17,71.78%
Pakistan,PAK,2010,3.25,NA,NA,NA,NA,NA
Pakistan,PAK,2012,2.95,2,-0.3,-9.23%,-0.15,-4.62%
Pakistan,PAK,2014,3.48,2,0.53,17.97%,0.265,8.98%
Pakistan,PAK,2016,4.46,2,0.98,28.16%,0.49,14.08%
Pakistan,PAK,2018,2.79,2,-1.67,-37.44%,-0.835,-18.72%
Pakistan,PAK,2020,4,2,1.21,43.37%,0.605,21.68%
Palau,PLW,2010,3.48,NA,NA,NA,NA,NA
Palau,PLW,2012,2.91,2,-0.57,-16.38%,-0.285,-8.19%
Palau,PLW,2014,3.74,2,0.83,28.52%,0.415,14.26%
Palau,PLW,2016,4.07,2,0.33,8.82%,0.165,4.41%
Palau,PLW,2018,4.21,2,0.14,3.44%,0.07,1.72%
Palau,PLW,2020,4.92,2,0.71,16.86%,0.355,8.43%
Palestine,PSE,2010,16.67,NA,NA,NA,NA,NA
Palestine,PSE,2012,16.17,2,-0.5,-3.00%,-0.25,-1.50%
Palestine,PSE,2014,19.49,2,3.32,20.53%,1.66,10.27%
Palestine,PSE,2016,17.23,2,-2.26,-11.60%,-1.13,-5.80%
Palestine,PSE,2018,18.25,2,1.02,5.92%,0.51,2.96%
Palestine,PSE,2020,21.84,2,3.59,19.67%,1.795,9.84%
Panama,PAN,2010,4.04,NA,NA,NA,NA,NA
Panama,PAN,2012,3.49,2,-0.55,-13.61%,-0.275,-6.81%
Panama,PAN,2014,3.33,2,-0.16,-4.58%,-0.08,-2.29%
Panama,PAN,2016,2.96,2,-0.37,-11.11%,-0.185,-5.56%
Panama,PAN,2018,2.87,2,-0.09,-3.04%,-0.045,-1.52%
Panama,PAN,2020,2.84,2,-0.03,-1.05%,-0.015,-0.52%
Papua New Guinea,PNG,2012,25.05,NA,NA,NA,NA,NA
Papua New Guinea,PNG,2014,21.72,2,-3.33,-13.29%,-1.665,-6.65%
Papua New Guinea,PNG,2016,26.85,2,5.13,23.62%,2.565,11.81%
Papua New Guinea,PNG,2018,19.79,2,-7.06,-26.29%,-3.53,-13.15%
Papua New Guinea,PNG,2020,21.6,2,1.81,9.15%,0.905,4.57%
Paraguay,PRY,2010,0.63,NA,NA,NA,NA,NA
Paraguay,PRY,2012,0.66,2,0.03,4.76%,0.015,2.38%
Paraguay,PRY,2014,0.56,2,-0.1,-15.15%,-0.05,-7.58%
Paraguay,PRY,2016,0.67,2,0.11,19.64%,0.055,9.82%
Paraguay,PRY,2018,0.61,2,-0.06,-8.96%,-0.03,-4.48%
Paraguay,PRY,2020,0.67,2,0.06,9.84%,0.03,4.92%
Peru,PER,2010,3.15,NA,NA,NA,NA,NA
Peru,PER,2012,3.08,2,-0.07,-2.22%,-0.035,-1.11%
Peru,PER,2014,3.33,2,0.25,8.12%,0.125,4.06%
Peru,PER,2016,5.04,2,1.71,51.35%,0.855,25.68%
Peru,PER,2018,6.95,2,1.91,37.90%,0.955,18.95%
Peru,PER,2020,5.96,2,-0.99,-14.24%,-0.495,-7.12%
Philippines,PHL,2010,1.38,NA,NA,NA,NA,NA
Philippines,PHL,2012,1.31,2,-0.07,-5.07%,-0.035,-2.54%
Philippines,PHL,2014,2.01,2,0.7,53.44%,0.35,26.72%
Philippines,PHL,2016,2.74,2,0.73,36.32%,0.365,18.16%
Philippines,PHL,2018,3.34,2,0.6,21.90%,0.3,10.95%
Philippines,PHL,2020,5.95,2,2.61,78.14%,1.305,39.07%
Poland,POL,2010,2.09,NA,NA,NA,NA,NA
Poland,POL,2012,2.71,2,0.62,29.67%,0.31,14.83%
Poland,POL,2014,3.03,2,0.32,11.81%,0.16,5.90%
Poland,POL,2016,3,2,-0.03,-0.99%,-0.015,-0.50%
Poland,POL,2018,2.78,2,-0.22,-7.33%,-0.11,-3.67%
Poland,POL,2020,2.75,2,-0.03,-1.08%,-0.015,-0.54%
Portugal,PRT,2010,2.06,NA,NA,NA,NA,NA
Portugal,PRT,2012,2.62,2,0.56,27.18%,0.28,13.59%
Portugal,PRT,2014,2.7,2,0.08,3.05%,0.04,1.53%
Portugal,PRT,2016,2.66,2,-0.04,-1.48%,-0.02,-0.74%
Portugal,PRT,2018,2.52,2,-0.14,-5.26%,-0.07,-2.63%
Portugal,PRT,2020,2.33,2,-0.19,-7.54%,-0.095,-3.77%
Qatar,QAT,2010,0.24,NA,NA,NA,NA,NA
Qatar,QAT,2012,0.24,2,0,0.00%,0,0.00%
Qatar,QAT,2014,0.3,2,0.06,25.00%,0.03,12.50%
Qatar,QAT,2016,0.47,2,0.17,56.67%,0.085,28.33%
Qatar,QAT,2018,0.41,2,-0.06,-12.77%,-0.03,-6.38%
Qatar,QAT,2020,1.15,2,0.74,180.49%,0.37,90.24%
Romania,ROU,2010,3.8,NA,NA,NA,NA,NA
Romania,ROU,2012,4.57,2,0.77,20.26%,0.385,10.13%
Romania,ROU,2014,4.33,2,-0.24,-5.25%,-0.12,-2.63%
Romania,ROU,2016,4.13,2,-0.2,-4.62%,-0.1,-2.31%
Romania,ROU,2018,3.59,2,-0.54,-13.08%,-0.27,-6.54%
Romania,ROU,2020,3.79,2,0.2,5.57%,0.1,2.79%
Russia,RUS,2010,0.89,NA,NA,NA,NA,NA
Russia,RUS,2012,0.93,2,0.04,4.49%,0.02,2.25%
Russia,RUS,2014,1.24,2,0.31,33.33%,0.155,16.67%
Russia,RUS,2016,1.8,2,0.56,45.16%,0.28,22.58%
Russia,RUS,2018,1.75,2,-0.05,-2.78%,-0.025,-1.39%
Russia,RUS,2020,2.22,2,0.47,26.86%,0.235,13.43%
Rwanda,RWA,2010,13.95,NA,NA,NA,NA,NA
Rwanda,RWA,2012,13.34,2,-0.61,-4.37%,-0.305,-2.19%
Rwanda,RWA,2014,12.67,2,-0.67,-5.02%,-0.335,-2.51%
Rwanda,RWA,2016,10.87,2,-1.8,-14.21%,-0.9,-7.10%
Rwanda,RWA,2018,9.49,2,-1.38,-12.70%,-0.69,-6.35%
Rwanda,RWA,2020,12.8,2,3.31,34.88%,1.655,17.44%
Saint Kitts and Nevis,KNA,2010,1.63,NA,NA,NA,NA,NA
Saint Kitts and Nevis,KNA,2012,1.89,2,0.26,15.95%,0.13,7.98%
Saint Kitts and Nevis,KNA,2014,1.74,2,-0.15,-7.94%,-0.075,-3.97%
Saint Kitts and Nevis,KNA,2016,1.67,2,-0.07,-4.02%,-0.035,-2.01%
Saint Kitts and Nevis,KNA,2018,1.64,2,-0.03,-1.80%,-0.015,-0.90%
Saint Lucia,LCA,2010,2.68,NA,NA,NA,NA,NA
Saint Lucia,LCA,2012,3.41,2,0.73,27.24%,0.365,13.62%
Saint Lucia,LCA,2014,2.64,2,-0.77,-22.58%,-0.385,-11.29%
Saint Lucia,LCA,2016,2.88,2,0.24,9.09%,0.12,4.55%
Saint Lucia,LCA,2018,2.87,2,-0.01,-0.35%,-0.005,-0.17%
Saint Lucia,LCA,2020,3.39,2,0.52,18.12%,0.26,9.06%
Saint Vincent and the Grenadines,VCT,2010,3.21,NA,NA,NA,NA,NA
Saint Vincent and the Grenadines,VCT,2012,3.22,2,0.01,0.31%,0.005,0.16%
Saint Vincent and the Grenadines,VCT,2014,3.36,2,0.14,4.35%,0.07,2.17%
Saint Vincent and the Grenadines,VCT,2016,3.16,2,-0.2,-5.95%,-0.1,-2.98%
Saint Vincent and the Grenadines,VCT,2018,5.04,2,1.88,59.49%,0.94,29.75%
Saint Vincent and the Grenadines,VCT,2020,4.21,2,-0.83,-16.47%,-0.415,-8.23%
Samoa,WSM,2010,8.84,NA,NA,NA,NA,NA
Samoa,WSM,2012,9.29,2,0.45,5.09%,0.225,2.55%
Samoa,WSM,2014,10.39,2,1.1,11.84%,0.55,5.92%
Samoa,WSM,2016,10.78,2,0.39,3.75%,0.195,1.88%
Samoa,WSM,2018,12.69,2,1.91,17.72%,0.955,8.86%
Samoa,WSM,2020,13.25,2,0.56,4.41%,0.28,2.21%
San Marino,SMR,2010,0.88,NA,NA,NA,NA,NA
San Marino,SMR,2012,1.12,2,0.24,27.27%,0.12,13.64%
San Marino,SMR,2014,1.17,2,0.05,4.46%,0.025,2.23%
San Marino,SMR,2016,1.17,2,0,0.00%,0,0.00%
Sao Tome and Principe,STP,2010,9.58,NA,NA,NA,NA,NA
Sao Tome and Principe,STP,2012,7.6,2,-1.98,-20.67%,-0.99,-10.33%
Sao Tome and Principe,STP,2014,5.93,2,-1.67,-21.97%,-0.835,-10.99%
Sao Tome and Principe,STP,2016,5.2,2,-0.73,-12.31%,-0.365,-6.16%
Sao Tome and Principe,STP,2018,6.06,2,0.86,16.54%,0.43,8.27%
Sao Tome and Principe,STP,2020,7.32,2,1.26,20.79%,0.63,10.40%
Saudi Arabia,SAU,2010,0.97,NA,NA,NA,NA,NA
Saudi Arabia,SAU,2012,0.95,2,-0.02,-2.06%,-0.01,-1.03%
Saudi Arabia,SAU,2014,1.07,2,0.12,12.63%,0.06,6.32%
Saudi Arabia,SAU,2016,1.58,2,0.51,47.66%,0.255,23.83%
Saudi Arabia,SAU,2018,3.12,2,1.54,97.47%,0.77,48.73%
Saudi Arabia,SAU,2020,3.81,2,0.69,22.12%,0.345,11.06%
Senegal,SEN,2010,6.31,NA,NA,NA,NA,NA
Senegal,SEN,2012,5.89,2,-0.42,-6.66%,-0.21,-3.33%
Senegal,SEN,2014,7.25,2,1.36,23.09%,0.68,11.54%
Senegal,SEN,2016,6.64,2,-0.61,-8.41%,-0.305,-4.21%
Senegal,SEN,2018,8.6,2,1.96,29.52%,0.98,14.76%
Senegal,SEN,2020,8.38,2,-0.22,-2.56%,-0.11,-1.28%
Serbia,SRB,2010,1.68,NA,NA,NA,NA,NA
Serbia,SRB,2012,2.08,2,0.4,23.81%,0.2,11.90%
Serbia,SRB,2014,2.91,2,0.83,39.90%,0.415,19.95%
Serbia,SRB,2016,3.43,2,0.52,17.87%,0.26,8.93%
Serbia,SRB,2018,3.44,2,0.01,0.29%,0.005,0.15%
Serbia,SRB,2020,3.55,2,0.11,3.20%,0.055,1.60%
Seychelles,SYC,2010,5.68,NA,NA,NA,NA,NA
Seychelles,SYC,2012,4.56,2,-1.12,-19.72%,-0.56,-9.86%
Seychelles,SYC,2014,4,2,-0.56,-12.28%,-0.28,-6.14%
Seychelles,SYC,2016,5.18,2,1.18,29.50%,0.59,14.75%
Seychelles,SYC,2018,5.06,2,-0.12,-2.32%,-0.06,-1.16%
Seychelles,SYC,2020,6.1,2,1.04,20.55%,0.52,10.28%
Sierra Leone,SLE,2010,10.01,NA,NA,NA,NA,NA
Sierra Leone,SLE,2012,9.76,2,-0.25,-2.50%,-0.125,-1.25%
Sierra Leone,SLE,2014,10.82,2,1.06,10.86%,0.53,5.43%
Sierra Leone,SLE,2016,10.56,2,-0.26,-2.40%,-0.13,-1.20%
Sierra Leone,SLE,2018,11.81,2,1.25,11.84%,0.625,5.92%
Sierra Leone,SLE,2020,11.54,2,-0.27,-2.29%,-0.135,-1.14%
Singapore,SGP,2010,1.8,NA,NA,NA,NA,NA
Singapore,SGP,2012,1.71,2,-0.09,-5.00%,-0.045,-2.50%
Singapore,SGP,2014,1.78,2,0.07,4.09%,0.035,2.05%
Singapore,SGP,2016,1.66,2,-0.12,-6.74%,-0.06,-3.37%
Singapore,SGP,2018,1.58,2,-0.08,-4.82%,-0.04,-2.41%
Singapore,SGP,2020,1.74,2,0.16,10.13%,0.08,5.06%
Slovakia,SVK,2010,1.92,NA,NA,NA,NA,NA
Slovakia,SVK,2012,2.01,2,0.09,4.69%,0.045,2.34%
Slovakia,SVK,2014,2.02,2,0.01,0.50%,0.005,0.25%
Slovakia,SVK,2016,2.08,2,0.06,2.97%,0.03,1.49%
Slovakia,SVK,2018,2,2,-0.08,-3.85%,-0.04,-1.92%
Slovakia,SVK,2020,2.14,2,0.14,7.00%,0.07,3.50%
Slovenia,SVN,2010,1.41,NA,NA,NA,NA,NA
Slovenia,SVN,2012,1.64,2,0.23,16.31%,0.115,8.16%
Slovenia,SVN,2014,1.89,2,0.25,15.24%,0.125,7.62%
Slovenia,SVN,2016,1.79,2,-0.1,-5.29%,-0.05,-2.65%
Slovenia,SVN,2018,1.67,2,-0.12,-6.70%,-0.06,-3.35%
Slovenia,SVN,2020,1.73,2,0.06,3.59%,0.03,1.80%
Solomon Islands,SLB,2012,15.06,NA,NA,NA,NA,NA
Solomon Islands,SLB,2014,17.56,2,2.5,16.60%,1.25,8.30%
Solomon Islands,SLB,2016,17.54,2,-0.02,-0.11%,-0.01,-0.06%
Solomon Islands,SLB,2018,15.83,2,-1.71,-9.75%,-0.855,-4.87%
South Africa,ZAF,2010,4.64,NA,NA,NA,NA,NA
South Africa,ZAF,2012,4.52,2,-0.12,-2.59%,-0.06,-1.29%
South Africa,ZAF,2014,4.55,2,0.03,0.66%,0.015,0.33%
South Africa,ZAF,2016,4.59,2,0.04,0.88%,0.02,0.44%
South Africa,ZAF,2018,4.44,2,-0.15,-3.27%,-0.075,-1.63%
South Africa,ZAF,2020,5.41,2,0.97,21.85%,0.485,10.92%
South Korea,KOR,2010,0.94,NA,NA,NA,NA,NA
South Korea,KOR,2012,0.87,2,-0.07,-7.45%,-0.035,-3.72%
South Korea,KOR,2014,0.81,2,-0.06,-6.90%,-0.03,-3.45%
South Korea,KOR,2016,1.32,2,0.51,62.96%,0.255,31.48%
South Korea,KOR,2018,1.22,2,-0.1,-7.58%,-0.05,-3.79%
South Korea,KOR,2020,1.23,2,0.01,0.82%,0.005,0.41%
South Sudan,SSD,2016,111.61,NA,NA,NA,NA,NA
South Sudan,SSD,2020,75.69,4,-35.92,-32.18%,-8.98,-8.05%
Spain,ESP,2010,1.48,NA,NA,NA,NA,NA
Spain,ESP,2012,2.04,2,0.56,37.84%,0.28,18.92%
Spain,ESP,2014,2.16,2,0.12,5.88%,0.06,2.94%
Spain,ESP,2016,2.02,2,-0.14,-6.48%,-0.07,-3.24%
Spain,ESP,2018,1.93,2,-0.09,-4.46%,-0.045,-2.23%
Spain,ESP,2020,2.13,2,0.2,10.36%,0.1,5.18%
Sri Lanka,LKA,2010,11.97,NA,NA,NA,NA,NA
Sri Lanka,LKA,2012,11.69,2,-0.28,-2.34%,-0.14,-1.17%
Sri Lanka,LKA,2014,12.03,2,0.34,2.91%,0.17,1.45%
Sri Lanka,LKA,2016,17.67,2,5.64,46.88%,2.82,23.44%
Sri Lanka,LKA,2018,16.59,2,-1.08,-6.11%,-0.54,-3.06%
Sri Lanka,LKA,2020,19,2,2.41,14.53%,1.205,7.26%
Sudan,SDN,2010,14.08,NA,NA,NA,NA,NA
Sudan,SDN,2012,12.42,2,-1.66,-11.79%,-0.83,-5.89%
Sudan,SDN,2014,11.85,2,-0.57,-4.59%,-0.285,-2.29%
Sudan,SDN,2016,12.43,2,0.58,4.89%,0.29,2.45%
Sudan,SDN,2018,9.25,2,-3.18,-25.58%,-1.59,-12.79%
Sudan,SDN,2020,5.94,2,-3.31,-35.78%,-1.655,-17.89%
Suriname,SUR,2010,2.66,NA,NA,NA,NA,NA
Suriname,SUR,2012,2.8,2,0.14,5.26%,0.07,2.63%
Suriname,SUR,2014,2.91,2,0.11,3.93%,0.055,1.96%
Suriname,SUR,2016,5.02,2,2.11,72.51%,1.055,36.25%
Suriname,SUR,2018,5.71,2,0.69,13.75%,0.345,6.87%
Suriname,SUR,2020,6.91,2,1.2,21.02%,0.6,10.51%
Sweden,SWE,2010,1.32,NA,NA,NA,NA,NA
Sweden,SWE,2012,1.35,2,0.03,2.27%,0.015,1.14%
Sweden,SWE,2014,1.44,2,0.09,6.67%,0.045,3.33%
Sweden,SWE,2016,1.43,2,-0.01,-0.69%,-0.005,-0.35%
Sweden,SWE,2018,1.38,2,-0.05,-3.50%,-0.025,-1.75%
Sweden,SWE,2020,1.47,2,0.09,6.52%,0.045,3.26%
Switzerland,CHE,2010,0.92,NA,NA,NA,NA,NA
Switzerland,CHE,2012,1,2,0.08,8.70%,0.04,4.35%
Switzerland,CHE,2014,1.05,2,0.05,5.00%,0.025,2.50%
Switzerland,CHE,2016,1.07,2,0.02,1.90%,0.01,0.95%
Switzerland,CHE,2018,1.06,2,-0.01,-0.93%,-0.005,-0.47%
Switzerland,CHE,2020,1.15,2,0.09,8.49%,0.045,4.25%
Syria,SYR,2010,2.3,NA,NA,NA,NA,NA
Syria,SYR,2020,10.07,10,7.77,337.83%,0.777,33.78%
Tajikistan,TJK,2010,9.28,NA,NA,NA,NA,NA
Tajikistan,TJK,2012,6.63,2,-2.65,-28.56%,-1.325,-14.28%
Tajikistan,TJK,2014,9.17,2,2.54,38.31%,1.27,19.16%
Tajikistan,TJK,2016,8.82,2,-0.35,-3.82%,-0.175,-1.91%
Tajikistan,TJK,2018,10.58,2,1.76,19.95%,0.88,9.98%
Tajikistan,TJK,2020,10.44,2,-0.14,-1.32%,-0.07,-0.66%
Tanzania,TZA,2010,24.21,NA,NA,NA,NA,NA
Tanzania,TZA,2012,18.33,2,-5.88,-24.29%,-2.94,-12.14%
Tanzania,TZA,2014,20.55,2,2.22,12.11%,1.11,6.06%
Tanzania,TZA,2016,14.26,2,-6.29,-30.61%,-3.145,-15.30%
Tanzania,TZA,2018,14.83,2,0.57,4.00%,0.285,2.00%
Tanzania,TZA,2020,15.64,2,0.81,5.46%,0.405,2.73%
Thailand,THA,2010,3.61,NA,NA,NA,NA,NA
Thailand,THA,2012,3.18,2,-0.43,-11.91%,-0.215,-5.96%
Thailand,THA,2014,3.36,2,0.18,5.66%,0.09,2.83%
Thailand,THA,2016,4.06,2,0.7,20.83%,0.35,10.42%
Thailand,THA,2018,2.55,2,-1.51,-37.19%,-0.755,-18.60%
Thailand,THA,2020,2.69,2,0.14,5.49%,0.07,2.75%
Timor,TLS,2010,15.5,NA,NA,NA,NA,NA
Timor,TLS,2012,12.34,2,-3.16,-20.39%,-1.58,-10.19%
Timor,TLS,2014,10.14,2,-2.2,-17.83%,-1.1,-8.91%
Timor,TLS,2016,11.04,2,0.9,8.88%,0.45,4.44%
Timor,TLS,2018,16.17,2,5.13,46.47%,2.565,23.23%
Timor,TLS,2020,13.74,2,-2.43,-15.03%,-1.215,-7.51%
Togo,TGO,2010,14.38,NA,NA,NA,NA,NA
Togo,TGO,2012,13.7,2,-0.68,-4.73%,-0.34,-2.36%
Togo,TGO,2014,12.64,2,-1.06,-7.74%,-0.53,-3.87%
Togo,TGO,2016,14.17,2,1.53,12.10%,0.765,6.05%
Togo,TGO,2018,15.91,2,1.74,12.28%,0.87,6.14%
Togo,TGO,2020,17.33,2,1.42,8.93%,0.71,4.46%
Tonga,TON,2010,10.6,NA,NA,NA,NA,NA
Tonga,TON,2012,10.36,2,-0.24,-2.26%,-0.12,-1.13%
Tonga,TON,2014,10.9,2,0.54,5.21%,0.27,2.61%
Tonga,TON,2016,12.95,2,2.05,18.81%,1.025,9.40%
Tonga,TON,2018,18.72,2,5.77,44.56%,2.885,22.28%
Tonga,TON,2020,20.21,2,1.49,7.96%,0.745,3.98%
Trinidad and Tobago,TTO,2010,1.48,NA,NA,NA,NA,NA
Trinidad and Tobago,TTO,2012,1.58,2,0.1,6.76%,0.05,3.38%
Trinidad and Tobago,TTO,2014,1.77,2,0.19,12.03%,0.095,6.01%
Trinidad and Tobago,TTO,2016,2.41,2,0.64,36.16%,0.32,18.08%
Trinidad and Tobago,TTO,2018,2.59,2,0.18,7.47%,0.09,3.73%
Trinidad and Tobago,TTO,2020,2.74,2,0.15,5.79%,0.075,2.90%
Tunisia,TUN,2010,3.21,NA,NA,NA,NA,NA
Tunisia,TUN,2012,3.48,2,0.27,8.41%,0.135,4.21%
Tunisia,TUN,2014,3.51,2,0.03,0.86%,0.015,0.43%
Tunisia,TUN,2016,3.24,2,-0.27,-7.69%,-0.135,-3.85%
Tunisia,TUN,2018,3.16,2,-0.08,-2.47%,-0.04,-1.23%
Tunisia,TUN,2020,3.75,2,0.59,18.67%,0.295,9.34%
Turkey,TUR,2010,2.84,NA,NA,NA,NA,NA
Turkey,TUR,2012,3.11,2,0.27,9.51%,0.135,4.75%
Turkey,TUR,2014,3.02,2,-0.09,-2.89%,-0.045,-1.45%
Turkey,TUR,2016,3.04,2,0.02,0.66%,0.01,0.33%
Turkey,TUR,2018,2.95,2,-0.09,-2.96%,-0.045,-1.48%
Turkey,TUR,2020,3.47,2,0.52,17.63%,0.26,8.81%
Turkmenistan,TKM,2010,2.69,NA,NA,NA,NA,NA
Turkmenistan,TKM,2012,4.73,2,2.04,75.84%,1.02,37.92%
Turkmenistan,TKM,2014,5.13,2,0.4,8.46%,0.2,4.23%
Turkmenistan,TKM,2016,8.47,2,3.34,65.11%,1.67,32.55%
Turkmenistan,TKM,2018,10.11,2,1.64,19.36%,0.82,9.68%
Turkmenistan,TKM,2020,10.62,2,0.51,5.04%,0.255,2.52%
Tuvalu,TUV,2010,18.18,NA,NA,NA,NA,NA
Tuvalu,TUV,2012,17.77,2,-0.41,-2.26%,-0.205,-1.13%
Tuvalu,TUV,2014,6.61,2,-11.16,-62.80%,-5.58,-31.40%
Tuvalu,TUV,2016,7.16,2,0.55,8.32%,0.275,4.16%
Tuvalu,TUV,2018,10.61,2,3.45,48.18%,1.725,24.09%
Tuvalu,TUV,2020,9.63,2,-0.98,-9.24%,-0.49,-4.62%
Uganda,UGA,2010,8.52,NA,NA,NA,NA,NA
Uganda,UGA,2012,10.5,2,1.98,23.24%,0.99,11.62%
Uganda,UGA,2014,9.54,2,-0.96,-9.14%,-0.48,-4.57%
Uganda,UGA,2016,10.56,2,1.02,10.69%,0.51,5.35%
Uganda,UGA,2018,10.75,2,0.19,1.80%,0.095,0.90%
Uganda,UGA,2020,11.5,2,0.75,6.98%,0.375,3.49%
Ukraine,UKR,2010,2.32,NA,NA,NA,NA,NA
Ukraine,UKR,2012,2.42,2,0.1,4.31%,0.05,2.16%
Ukraine,UKR,2014,2.43,2,0.01,0.41%,0.005,0.21%
Ukraine,UKR,2016,2.61,2,0.18,7.41%,0.09,3.70%
Ukraine,UKR,2018,3.43,2,0.82,31.42%,0.41,15.71%
Ukraine,UKR,2020,4.4,2,0.97,28.28%,0.485,14.14%
United Arab Emirates,ARE,2010,0.54,NA,NA,NA,NA,NA
United Arab Emirates,ARE,2012,0.51,2,-0.03,-5.56%,-0.015,-2.78%
United Arab Emirates,ARE,2014,0.63,2,0.12,23.53%,0.06,11.76%
United Arab Emirates,ARE,2016,0.83,2,0.2,31.75%,0.1,15.87%
United Arab Emirates,ARE,2018,1.35,2,0.52,62.65%,0.26,31.33%
United Arab Emirates,ARE,2020,1.79,2,0.44,32.59%,0.22,16.30%
United Kingdom,GBR,2010,2.46,NA,NA,NA,NA,NA
United Kingdom,GBR,2012,2.46,2,0,0.00%,0,0.00%
United Kingdom,GBR,2014,2.61,2,0.15,6.10%,0.075,3.05%
United Kingdom,GBR,2016,2.73,2,0.12,4.60%,0.06,2.30%
United Kingdom,GBR,2018,2.91,2,0.18,6.59%,0.09,3.30%
United Kingdom,GBR,2020,3.36,2,0.45,15.46%,0.225,7.73%
United States,USA,2010,1.18,NA,NA,NA,NA,NA
United States,USA,2012,1.18,2,0,0.00%,0,0.00%
United States,USA,2014,1.13,2,-0.05,-4.24%,-0.025,-2.12%
United States,USA,2016,1.11,2,-0.02,-1.77%,-0.01,-0.88%
United States,USA,2018,1.09,2,-0.02,-1.80%,-0.01,-0.90%
United States,USA,2020,1.16,2,0.07,6.42%,0.035,3.21%
Uruguay,URY,2010,2.94,NA,NA,NA,NA,NA
Uruguay,URY,2012,2.47,2,-0.47,-15.99%,-0.235,-7.99%
Uruguay,URY,2014,2.02,2,-0.45,-18.22%,-0.225,-9.11%
Uruguay,URY,2016,2.41,2,0.39,19.31%,0.195,9.65%
Uruguay,URY,2018,2.68,2,0.27,11.20%,0.135,5.60%
Uruguay,URY,2020,2.77,2,0.09,3.36%,0.045,1.68%
Uzbekistan,UZB,2010,4.16,NA,NA,NA,NA,NA
Uzbekistan,UZB,2012,4.18,2,0.02,0.48%,0.01,0.24%
Uzbekistan,UZB,2014,3.79,2,-0.39,-9.33%,-0.195,-4.67%
Uzbekistan,UZB,2016,3.91,2,0.12,3.17%,0.06,1.58%
Uzbekistan,UZB,2018,4.82,2,0.91,23.27%,0.455,11.64%
Uzbekistan,UZB,2020,4.82,2,0,0.00%,0,0.00%
Vanuatu,VUT,2010,23.05,NA,NA,NA,NA,NA
Vanuatu,VUT,2012,24.25,2,1.2,5.21%,0.6,2.60%
Vanuatu,VUT,2014,23.9,2,-0.35,-1.44%,-0.175,-0.72%
Vanuatu,VUT,2016,22.48,2,-1.42,-5.94%,-0.71,-2.97%
Vanuatu,VUT,2018,20.82,2,-1.66,-7.38%,-0.83,-3.69%
Vanuatu,VUT,2020,22.13,2,1.31,6.29%,0.655,3.15%
Venezuela,VEN,2010,4.49,NA,NA,NA,NA,NA
Venezuela,VEN,2012,5.39,2,0.9,20.04%,0.45,10.02%
Venezuela,VEN,2014,8.96,2,3.57,66.23%,1.785,33.12%
Venezuela,VEN,2016,15.31,2,6.35,70.87%,3.175,35.44%
Venezuela,VEN,2018,82.02,2,66.71,435.73%,33.355,217.86%
Vietnam,VNM,2010,4.49,NA,NA,NA,NA,NA
Vietnam,VNM,2012,3.31,2,-1.18,-26.28%,-0.59,-13.14%
Vietnam,VNM,2014,3.48,2,0.17,5.14%,0.085,2.57%
Vietnam,VNM,2016,3.32,2,-0.16,-4.60%,-0.08,-2.30%
Vietnam,VNM,2018,2.73,2,-0.59,-17.77%,-0.295,-8.89%
Vietnam,VNM,2020,2.63,2,-0.1,-3.66%,-0.05,-1.83%
Yemen,YEM,2010,6.47,NA,NA,NA,NA,NA
Yemen,YEM,2012,8.53,2,2.06,31.84%,1.03,15.92%
Yemen,YEM,2014,8.28,2,-0.25,-2.93%,-0.125,-1.47%
Yemen,YEM,2016,11.47,2,3.19,38.53%,1.595,19.26%
Yemen,YEM,2018,14.64,2,3.17,27.64%,1.585,13.82%
Yemen,YEM,2020,12.82,2,-1.82,-12.43%,-0.91,-6.22%
Zambia,ZMB,2010,11.45,NA,NA,NA,NA,NA
Zambia,ZMB,2012,9.01,2,-2.44,-21.31%,-1.22,-10.66%
Zambia,ZMB,2014,8.47,2,-0.54,-5.99%,-0.27,-3.00%
Zambia,ZMB,2016,13.15,2,4.68,55.25%,2.34,27.63%
Zambia,ZMB,2018,11.01,2,-2.14,-16.27%,-1.07,-8.14%
Zambia,ZMB,2020,11.84,2,0.83,7.54%,0.415,3.77%
Zimbabwe,ZWE,2010,5.12,NA,NA,NA,NA,NA
Zimbabwe,ZWE,2012,7.63,2,2.51,49.02%,1.255,24.51%
Zimbabwe,ZWE,2014,9.19,2,1.56,20.45%,0.78,10.22%
Zimbabwe,ZWE,2016,11.97,2,2.78,30.25%,1.39,15.13%
Zimbabwe,ZWE,2018,6.03,2,-5.94,-49.62%,-2.97,-24.81%
Zimbabwe,ZWE,2020,18.38,2,12.35,204.81%,6.175,102.40%
